통계연도,시도명,시군구명,노령화지수(퍼센트),고령인구(65세 이상),유소년(14세 이하),총인구수(명)
2017,서울특별시,종로구,180.6,26030,14416,154770
2017,서울특별시,중구,187.1,21148,11306,125709
2017,서울특별시,용산구,157.5,36488,23174,229161
2017,서울특별시,성동구,122.0,41152,33732,304808
2017,서울특별시,광진구,116.9,43790,37469,357703
2017,서울특별시,동대문구,155.9,55547,35637,350647
2017,서울특별시,중랑구,142.1,59189,41660,408226
2017,서울특별시,성북구,126.3,66121,52354,444055
2017,서울특별시,강북구,177.9,56437,31728,324479
2017,서울특별시,도봉구,144.9,53445,36873,344166
2017,서울특별시,노원구,108.6,74178,68323,554403
2017,서울특별시,은평구,135.2,74400,55045,486794
2017,서울특별시,서대문구,146.7,48898,33339,312800
2017,서울특별시,마포구,113.3,49356,43580,374915
2017,서울특별시,양천구,88.8,55136,62121,471154
2017,서울특별시,강서구,105.1,75845,72181,601691
2017,서울특별시,구로구,118.2,58213,49240,410742
2017,서울특별시,금천구,146.6,33842,23079,235154
2017,서울특별시,영등포구,135.3,53299,39406,368550
2017,서울특별시,동작구,132.1,57071,43210,396217
2017,서울특별시,관악구,158.1,69729,44110,503297
2017,서울특별시,서초구,85.6,53119,62043,441102
2017,서울특별시,강남구,94.7,64946,68591,556164
2017,서울특별시,송파구,90.2,76442,84755,664496
2017,서울특별시,강동구,108.1,56080,51894,436223
2017,부산광역시,중구,344.1,10082,2930,44218
2017,부산광역시,서구,262.7,24462,9311,110039
2017,부산광역시,동구,313.6,21076,6721,88868
2017,부산광역시,영도구,272.5,28293,10384,123521
2017,부산광역시,부산진구,168.5,62942,37361,371703
2017,부산광역시,동래구,134.6,42697,31724,270727
2017,부산광역시,남구,157.1,47964,30535,273854
2017,부산광역시,북구,118.0,41000,34748,302924
2017,부산광역시,해운대구,117.3,59949,51127,412039
2017,부산광역시,사하구,132.9,50261,37806,333301
2017,부산광역시,금정구,173.9,42011,24153,244469
2017,부산광역시,강서구,59.2,13205,22311,117382
2017,부산광역시,연제구,142.5,33600,23585,206742
2017,부산광역시,수영구,187.5,32621,17399,179996
2017,부산광역시,사상구,139.0,32715,23536,229219
2017,부산광역시,기장군,79.9,22649,28357,161651
2017,대구광역시,중구,191.9,15531,8092,78986
2017,대구광역시,동구,138.1,58893,42638,349379
2017,대구광역시,서구,219.9,34758,15809,191992
2017,대구광역시,남구,241.8,31132,12875,152845
2017,대구광역시,북구,90.4,54257,59993,441375
2017,대구광역시,수성구,99.6,58905,59156,439211
2017,대구광역시,달서구,89.1,67033,75196,578068
2017,대구광역시,달성군,66.9,26950,40258,243375
2017,인천광역시,중구,99.9,16643,16668,117999
2017,인천광역시,동구,159.1,13168,8276,69487
2017,인천광역시,남구,125.3,60758,48506,419267
2017,인천광역시,연수구,55.2,28922,52373,335142
2017,인천광역시,남동구,77.2,58429,75676,536578
2017,인천광역시,부평구,97.1,63959,65884,539941
2017,인천광역시,계양구,81.1,31729,39124,323784
2017,인천광역시,서구,57.1,46129,80788,516017
2017,인천광역시,강화군,348.7,20451,5865,68754
2017,인천광역시,옹진군,267.8,4836,1806,21573
2017,광주광역시,동구,216.9,20047,9243,95448
2017,광주광역시,서구,87.6,36991,42246,306957
2017,광주광역시,남구,114.1,33727,29568,218454
2017,광주광역시,북구,96.0,56532,58869,438780
2017,광주광역시,광산구,45.4,33565,74009,404131
2017,대전광역시,동구,130.8,37240,28479,230516
2017,대전광역시,중구,132.2,40354,30533,248933
2017,대전광역시,서구,75.8,51821,68322,487448
2017,대전광역시,유성구,46.2,27420,59319,348428
2017,대전광역시,대덕구,103.9,23832,22942,186902
2017,울산광역시,중구,89.1,27853,31274,238652
2017,울산광역시,남구,73.8,31629,42848,335439
2017,울산광역시,동구,59.0,15672,26567,169605
2017,울산광역시,북구,39.4,14053,35638,200718
2017,울산광역시,울주군,86.5,27426,31705,220718
2017,경기도,수원시,64.3,111667,173571,1202628
2017,경기도,장안구,81.1,32021,39475,293828
2017,경기도,권선구,63.9,33705,52779,365653
2017,경기도,팔달구,119.4,24920,20876,193311
2017,경기도,영통구,34.8,21021,60441,349836
2017,경기도,성남시,92.9,115526,124415,967510
2017,경기도,수정구,124.0,32125,25917,236932
2017,경기도,중원구,116.6,29970,25702,230366
2017,경기도,분당구,73.4,53431,72796,500212
2017,경기도,의정부시,103.1,58509,56765,441584
2017,경기도,안양시,86.6,64655,74630,587764
2017,경기도,만안구,113.8,32509,28565,254977
2017,경기도,동안구,69.8,32146,46065,332787
2017,경기도,부천시,88.4,92537,104697,850329
2017,경기도,광명시,81.4,38321,47096,332790
2017,경기도,평택시,77.8,55926,71844,481530
2017,경기도,동두천시,135.3,16961,12532,97071
2017,경기도,안산시,68.9,60087,87177,677710
2017,경기도,상록구,73.1,34339,47000,370744
2017,경기도,단원구,64.1,25748,40177,306966
2017,경기도,고양시,85.9,120333,140028,1041983
2017,경기도,덕양구,95.9,57446,59922,448684
2017,경기도,일산동구,83.0,30956,37299,293673
2017,경기도,일산서구,74.6,31931,42807,299626
2017,경기도,과천시,99.3,7474,7528,57527
2017,경기도,구리시,83.4,22362,26806,200042
2017,경기도,남양주시,78.4,81688,104179,665321
2017,경기도,오산시,44.7,17373,38833,213437
2017,경기도,시흥시,55.3,34511,62421,419664
2017,경기도,군포시,76.2,30278,39729,281205
2017,경기도,의왕시,90.1,18198,20206,155767
2017,경기도,하남시,74.1,26820,36183,232487
2017,경기도,용인시,69.7,116882,167659,1004081
2017,경기도,처인구,93.8,29986,31959,231553
2017,경기도,기흥구,60.8,45836,75446,419429
2017,경기도,수지구,68.1,41060,60254,353099
2017,경기도,파주시,78.1,54881,70231,437848
2017,경기도,이천시,82.7,26935,32566,213142
2017,경기도,안성시,110.5,28134,25451,182786
2017,경기도,김포시,64.4,44611,69321,392092
2017,경기도,화성시,42.4,58053,136900,691086
2017,경기도,광주시,77.1,39203,50873,345947
2017,경기도,양주시,91.8,29098,31706,212146
2017,경기도,포천시,146.5,25451,17375,152925
2017,경기도,여주시,157.4,21083,13395,111984
2017,경기도,연천군,209.0,10423,4988,45431
2017,경기도,가평군,226.5,14271,6301,62973
2017,경기도,양평군,198.0,25584,12923,115105
2017,강원도,춘천시,120.7,43914,36395,280514
2017,강원도,원주시,95.9,45246,47190,341337
2017,강원도,강릉시,162.9,39784,24420,213952
2017,강원도,동해시,131.4,15881,12090,92851
2017,강원도,태백시,182.9,9626,5262,45888
2017,강원도,속초시,136.9,13464,9838,82273
2017,강원도,삼척시,220.5,15093,6844,68514
2017,강원도,홍천군,222.6,15899,7141,70340
2017,강원도,횡성군,300.3,12025,4004,46281
2017,강원도,영월군,310.8,10374,3338,40067
2017,강원도,평창군,264.7,10399,3928,43092
2017,강원도,정선군,271.0,9329,3443,38173
2017,강원도,철원군,164.7,9264,5626,47185
2017,강원도,화천군,161.5,4946,3062,26022
2017,강원도,양구군,144.5,4259,2948,23835
2017,강원도,인제군,141.8,5859,4131,32582
2017,강원도,고성군,302.3,7300,2415,30029
2017,강원도,양양군,313.9,7314,2330,27207
2017,충청북도,청주시,77.9,96483,123785,835590
2017,충청북도,상당구,108.2,24560,22701,171129
2017,충청북도,서원구,83.4,25658,30752,216782
2017,충청북도,흥덕구,65.9,24786,37631,253912
2017,충청북도,청원구,65.7,21479,32701,193767
2017,충청북도,충주시,147.2,36703,24933,208316
2017,충청북도,제천시,163.6,25691,15701,136432
2017,충청북도,보은군,361.8,10461,2891,34053
2017,충청북도,옥천군,271.1,13720,5061,51766
2017,충청북도,영동군,319.1,14111,4422,50240
2017,충청북도,증평군,98.7,5626,5702,37783
2017,충청북도,진천군,113.1,11889,10516,73677
2017,충청북도,괴산군,464.0,11898,2564,39054
2017,충청북도,음성군,150.2,17685,11778,97306
2017,충청북도,단양군,328.4,8167,2487,30215
2017,충청남도,천안시,61.3,60562,98726,631531
2017,충청남도,동남구,87.2,31750,36414,255878
2017,충청남도,서북구,46.2,28812,62312,375653
2017,충청남도,공주시,231.0,25008,10824,108432
2017,충청남도,보령시,205.7,23622,11481,103198
2017,충청남도,아산시,67.1,36969,55127,311453
2017,충청남도,서산시,115.2,29012,25181,171678
2017,충청남도,논산시,211.8,28630,13520,122240
2017,충청남도,계룡시,52.5,4175,7953,43967
2017,충청남도,당진시,111.3,28386,25500,167439
2017,충청남도,금산군,281.2,14982,5328,53894
2017,충청남도,부여군,359.4,21209,5902,69086
2017,충청남도,서천군,392.1,17931,4573,55175
2017,충청남도,청양군,416.8,10458,2509,32837
2017,충청남도,홍성군,162.2,21895,13499,101570
2017,충청남도,예산군,323.7,22601,6982,80338
2017,충청남도,태안군,292.5,17506,5984,63932
2017,전라북도,전주시,91.8,85157,92776,648964
2017,전라북도,완산구,96.4,47420,49191,359012
2017,전라북도,덕진구,86.6,37737,43585,289952
2017,전라북도,군산시,115.7,44580,38547,274997
2017,전라북도,익산시,131.2,50357,38377,300187
2017,전라북도,정읍시,227.5,28587,12564,113776
2017,전라북도,남원시,223.4,21167,9475,83281
2017,전라북도,김제시,293.4,25155,8575,86926
2017,전라북도,완주군,143.8,19377,13478,95975
2017,전라북도,진안군,345.5,8309,2405,26271
2017,전라북도,무주군,321.0,7701,2399,24809
2017,전라북도,장수군,308.0,7111,2309,23003
2017,전라북도,임실군,348.3,9669,2776,30162
2017,전라북도,순창군,301.5,9286,3080,29698
2017,전라북도,고창군,332.7,18147,5454,60472
2017,전라북도,부안군,335.1,16679,4978,56086
2017,전라남도,목포시,97.3,33834,34776,234379
2017,전라남도,여수시,130.6,48569,37176,286382
2017,전라남도,순천시,98.9,39498,39942,279331
2017,전라남도,나주시,167.7,24178,14420,110110
2017,전라남도,광양시,75.9,17712,23336,155857
2017,전라남도,담양군,335.7,13623,4058,47285
2017,전라남도,곡성군,416.6,10035,2409,30131
2017,전라남도,구례군,340.6,8447,2480,27525
2017,전라남도,고흥군,523.7,25496,4868,66736
2017,전라남도,보성군,415.3,15441,3718,43755
2017,전라남도,화순군,226.8,15828,6978,64680
2017,전라남도,장흥군,348.1,12682,3643,40136
2017,전라남도,강진군,333.6,11773,3529,36868
2017,전라남도,해남군,280.8,21862,7785,73604
2017,전라남도,영암군,208.8,13777,6598,55616
2017,전라남도,무안군,133.8,16467,12305,82872
2017,전라남도,함평군,397.2,11447,2882,34328
2017,전라남도,영광군,256.3,15002,5853,54774
2017,전라남도,장성군,254.0,12805,5042,46111
2017,전라남도,완도군,291.6,15760,5405,52109
2017,전라남도,진도군,333.3,10191,3058,31765
2017,전라남도,신안군,487.8,14024,2875,42070
2017,경상북도,포항시,107.6,72952,67774,513832
2017,경상북도,남구,106.5,33852,31794,242469
2017,경상북도,북구,108.7,39100,35980,271363
2017,경상북도,경주시,177.4,50780,28630,257903
2017,경상북도,김천시,172.3,29536,17145,142908
2017,경상북도,안동시,181.5,35948,19806,166272
2017,경상북도,구미시,48.9,33605,68691,421799
2017,경상북도,영주시,214.8,25541,11893,108371
2017,경상북도,영천시,279.3,25940,9286,100615
2017,경상북도,상주시,296.5,28535,9623,100947
2017,경상북도,문경시,274.2,19877,7249,73294
2017,경상북도,경산시,114.1,38370,33616,259485
2017,경상북도,군위군,664.5,8898,1339,24215
2017,경상북도,의성군,617.6,20289,3285,53474
2017,경상북도,청송군,488.5,8773,1796,26006
2017,경상북도,영양군,437.2,5963,1364,17479
2017,경상북도,영덕군,430.7,13141,3051,38529
2017,경상북도,청도군,528.8,14779,2795,43346
2017,경상북도,고령군,304.4,9253,3040,33768
2017,경상북도,성주군,378.6,12839,3391,45138
2017,경상북도,칠곡군,90.4,16166,17878,120864
2017,경상북도,예천군,293.2,15458,5272,49253
2017,경상북도,봉화군,406.6,10946,2692,33259
2017,경상북도,울진군,243.2,12854,5286,50974
2017,경상북도,울릉군,307.8,2238,727,9975
2017,경상남도,창원시,87.0,124875,143458,1057032
2017,경상남도,의창구,82.8,26708,32272,253349
2017,경상남도,성산구,46.2,14585,31547,227942
2017,경상남도,마산합포구,154.6,32363,20936,181917
2017,경상남도,마산회원구,108.7,28229,25970,203926
2017,경상남도,진해구,70.2,22990,32733,189898
2017,경상남도,진주시,107.3,51488,47971,346681
2017,경상남도,통영시,115.2,22054,19147,135833
2017,경상남도,사천시,144.8,22118,15278,114252
2017,경상남도,김해시,60.2,51219,85051,532132
2017,경상남도,밀양시,255.5,26719,10456,107898
2017,경상남도,거제시,48.4,22240,45976,254073
2017,경상남도,양산시,73.3,38921,53084,338535
2017,경상남도,의령군,457.0,9630,2107,27849
2017,경상남도,함안군,170.0,14443,8495,68207
2017,경상남도,창녕군,309.8,17724,5722,64101
2017,경상남도,고성군,278.5,14842,5330,54060
2017,경상남도,남해군,492.9,15837,3213,44642
2017,경상남도,하동군,374.7,14721,3929,48831
2017,경상남도,산청군,413.9,11916,2879,36340
2017,경상남도,함양군,343.6,12558,3655,40175
2017,경상남도,거창군,229.0,15981,6978,62763
2017,경상남도,합천군,532.7,17174,3224,47000
2017,제주특별자치도,제주시,82.4,61653,74805,478700
2017,제주특별자치도,서귀포시,131.5,31464,23922,178383
2018,서울특별시,종로구,191.1,26572,13904,153065
2018,서울특별시,중구,199.9,21750,10879,125725
2018,서울특별시,용산구,167.3,37212,22238,228999
2018,서울특별시,성동구,128.3,42629,33238,308221
2018,서울특별시,광진구,126.2,45432,36007,355559
2018,서울특별시,동대문구,165.5,56991,34439,348052
2018,서울특별시,중랑구,156.9,61748,39355,403209
2018,서울특별시,성북구,137.0,67646,49379,435868
2018,서울특별시,강북구,196.0,58103,29644,319164
2018,서울특별시,도봉구,160.4,55926,34863,339413
2018,서울특별시,노원구,120.2,77032,64067,543752
2018,서울특별시,은평구,148.1,77263,52187,483197
2018,서울특별시,서대문구,155.2,50045,32236,310313
2018,서울특별시,마포구,120.0,50544,42132,375077
2018,서울특별시,양천구,96.9,57941,59776,464185
2018,서울특별시,강서구,115.0,79445,69057,596949
2018,서울특별시,구로구,132.1,61105,46263,404497
2018,서울특별시,금천구,161.9,35354,21842,233917
2018,서울특별시,영등포구,145.0,54906,37863,367778
2018,서울특별시,동작구,143.0,59265,41455,396203
2018,서울특별시,관악구,174.9,71888,41109,501957
2018,서울특별시,서초구,90.8,54663,60202,433951
2018,서울특별시,강남구,100.5,66957,66657,542364
2018,서울특별시,송파구,98.3,81211,82584,666635
2018,서울특별시,강동구,118.9,58669,49358,427573
2018,부산광역시,중구,394.1,10380,2634,42795
2018,부산광역시,서구,267.8,25205,9412,110534
2018,부산광역시,동구,338.7,21407,6320,86912
2018,부산광역시,영도구,298.3,29072,9747,120109
2018,부산광역시,부산진구,182.2,64599,35463,362357
2018,부산광역시,동래구,144.1,44255,30720,266515
2018,부산광역시,남구,158.2,50151,31705,279917
2018,부산광역시,북구,130.3,43125,33105,296952
2018,부산광역시,해운대구,127.4,62825,49299,409347
2018,부산광역시,사하구,146.8,52805,35960,327791
2018,부산광역시,금정구,189.5,44382,23415,242956
2018,부산광역시,강서구,58.8,14090,23978,122957
2018,부산광역시,연제구,152.7,35526,23269,207840
2018,부산광역시,수영구,206.3,33784,16373,176246
2018,부산광역시,사상구,154.9,34306,22151,223361
2018,부산광역시,기장군,84.7,24049,28377,164864
2018,대구광역시,중구,192.4,15566,8091,79401
2018,대구광역시,동구,147.4,61656,41836,351291
2018,대구광역시,서구,247.2,35821,14489,184372
2018,대구광역시,남구,268.3,32158,11984,150501
2018,대구광역시,북구,98.7,56894,57669,439489
2018,대구광역시,수성구,107.5,61089,56845,432759
2018,대구광역시,달서구,98.6,70983,71955,573413
2018,대구광역시,달성군,69.4,28767,41447,250543
2018,인천광역시,중구,104.9,17482,16670,122499
2018,인천광역시,동구,177.6,13254,7463,66233
2018,인천광역시,미추홀구,134.1,62833,46856,416542
2018,인천광역시,연수구,58.0,31227,53878,346359
2018,인천광역시,남동구,85.0,62248,73212,537161
2018,인천광역시,부평구,108.4,66424,61279,524640
2018,인천광역시,계양구,92.6,33119,35780,312680
2018,인천광역시,서구,60.6,49975,82462,538596
2018,인천광역시,강화군,374.8,21148,5643,68896
2018,인천광역시,옹진군,296.2,4965,1676,21036
2018,광주광역시,동구,224.8,20337,9045,94475
2018,광주광역시,서구,95.5,38468,40300,304172
2018,광주광역시,남구,120.2,34677,28859,216369
2018,광주광역시,북구,102.0,58793,57637,439773
2018,광주광역시,광산구,49.0,34911,71280,404547
2018,대전광역시,동구,142.1,38664,27200,229071
2018,대전광역시,중구,145.3,41625,28639,244421
2018,대전광역시,서구,82.1,54225,66041,484663
2018,대전광역시,유성구,50.7,29219,57635,349790
2018,대전광역시,대덕구,117.0,24797,21188,181991
2018,울산광역시,중구,98.7,29405,29787,231973
2018,울산광역시,남구,82.3,33804,41088,330732
2018,울산광역시,동구,66.0,16783,25432,164642
2018,울산광역시,북구,41.2,14984,36346,206434
2018,울산광역시,울주군,94.0,28943,30803,221842
2018,경기도,수원시,69.9,117256,167701,1201166
2018,경기도,장안구,90.9,33177,36487,286433
2018,경기도,권선구,68.4,36570,53483,377647
2018,경기도,팔달구,133.2,24591,18459,180974
2018,경기도,영통구,38.7,22918,59272,356112
2018,경기도,성남시,101.2,120100,118682,954347
2018,경기도,수정구,135.1,33491,24788,234133
2018,경기도,중원구,131.4,31039,23626,224885
2018,경기도,분당구,79.1,55570,70268,495329
2018,경기도,의정부시,109.7,61413,56000,447026
2018,경기도,안양시,95.6,67680,70813,576831
2018,경기도,만안구,126.3,34215,27088,251512
2018,경기도,동안구,76.5,33465,43725,325319
2018,경기도,부천시,96.5,97670,101174,843768
2018,경기도,광명시,90.2,39869,44192,326841
2018,경기도,평택시,80.8,58483,72402,495642
2018,경기도,동두천시,149.9,17695,11802,96226
2018,경기도,안산시,78.0,62654,80297,660343
2018,경기도,상록구,83.2,35379,42505,356311
2018,경기도,단원구,72.2,27275,37792,304032
2018,경기도,고양시,93.5,126572,135310,1044189
2018,경기도,덕양구,103.8,60270,58084,450449
2018,경기도,일산동구,90.7,32983,36366,296223
2018,경기도,일산서구,81.5,33319,40860,297517
2018,경기도,과천시,103.5,7762,7501,58142
2018,경기도,구리시,88.9,23800,26759,203553
2018,경기도,남양주시,82.2,86681,105395,681828
2018,경기도,오산시,48.1,18589,38679,220070
2018,경기도,시흥시,55.9,37552,67195,448687
2018,경기도,군포시,85.6,31712,37027,276916
2018,경기도,의왕시,99.8,19146,19187,153932
2018,경기도,하남시,76.1,30309,39808,254415
2018,경기도,용인시,74.4,125066,168083,1035126
2018,경기도,처인구,95.3,33028,34650,249118
2018,경기도,기흥구,66.1,48858,73879,427719
2018,경기도,수지구,72.5,43180,59554,358289
2018,경기도,파주시,81.4,57889,71084,451848
2018,경기도,이천시,88.5,27988,31614,214206
2018,경기도,안성시,119.2,29319,24590,183579
2018,경기도,김포시,65.0,48532,74611,423170
2018,경기도,화성시,43.0,63520,147599,758722
2018,경기도,광주시,81.6,42843,52525,363782
2018,경기도,양주시,99.0,31121,31431,216951
2018,경기도,포천시,163.6,26306,16076,150676
2018,경기도,여주시,170.7,21959,12864,111525
2018,경기도,연천군,222.7,10611,4764,44633
2018,경기도,가평군,243.6,14802,6077,62918
2018,경기도,양평군,211.0,26902,12751,116095
2018,강원도,춘천시,128.1,45532,35540,280640
2018,강원도,원주시,102.1,47200,46220,344070
2018,강원도,강릉시,175.1,41214,23539,212957
2018,강원도,동해시,142.7,16526,11577,91272
2018,강원도,태백시,199.9,9940,4972,44858
2018,강원도,속초시,145.6,13952,9585,81682
2018,강원도,삼척시,230.1,15481,6727,68326
2018,강원도,홍천군,238.2,16406,6887,69949
2018,강원도,횡성군,315.3,12445,3947,46726
2018,강원도,영월군,337.2,10669,3164,39730
2018,강원도,평창군,289.4,10675,3689,42610
2018,강원도,정선군,289.6,9508,3283,37700
2018,강원도,철원군,174.3,9464,5431,46413
2018,강원도,화천군,177.6,5064,2851,25084
2018,강원도,양구군,150.1,4324,2880,23408
2018,강원도,인제군,152.4,6014,3947,32136
2018,강원도,고성군,345.3,7416,2148,28144
2018,강원도,양양군,339.6,7556,2225,27347
2018,충청북도,청주시,83.3,100841,121089,837749
2018,충청북도,상당구,109.6,25878,23622,176818
2018,충청북도,서원구,94.9,26615,28052,209404
2018,충청북도,흥덕구,70.4,25874,36740,254302
2018,충청북도,청원구,68.8,22474,32675,197225
2018,충청북도,충주시,153.8,38138,24805,210504
2018,충청북도,제천시,173.0,26619,15385,135386
2018,충청북도,보은군,382.6,10648,2783,33680
2018,충청북도,옥천군,292.5,14123,4828,51465
2018,충청북도,영동군,334.9,14373,4292,49715
2018,충청북도,증평군,106.9,5846,5470,37317
2018,충청북도,진천군,108.8,12395,11392,78218
2018,충청북도,괴산군,491.2,12103,2464,39133
2018,충청북도,음성군,168.6,18303,10854,95830
2018,충청북도,단양군,349.4,8374,2397,30255
2018,충청남도,천안시,63.8,63526,99502,646075
2018,충청남도,동남구,93.4,33147,35502,257978
2018,충청남도,서북구,47.5,30379,64000,388097
2018,충청남도,공주시,246.4,25546,10368,107581
2018,충청남도,보령시,219.7,24116,10979,101990
2018,충청남도,아산시,71.0,38206,53833,312822
2018,충청남도,서산시,119.4,29878,25018,174162
2018,충청남도,논산시,225.1,29161,12952,120230
2018,충청남도,계룡시,58.0,4446,7664,43731
2018,충청남도,당진시,114.7,28986,25266,167770
2018,충청남도,금산군,295.9,15181,5130,53222
2018,충청남도,부여군,383.3,21508,5612,68078
2018,충청남도,서천군,421.0,18048,4287,53922
2018,충청남도,청양군,445.0,10516,2363,32296
2018,충청남도,홍성군,169.9,22363,13165,101082
2018,충청남도,예산군,340.9,23067,6767,80083
2018,충청남도,태안군,315.2,17967,5700,63238
2018,전라북도,전주시,97.2,88563,91096,651091
2018,전라북도,완산구,109.5,48608,44378,345065
2018,전라북도,덕진구,85.5,39955,46718,306026
2018,전라북도,군산시,123.7,45913,37127,272645
2018,전라북도,익산시,142.5,51541,36166,294062
2018,전라북도,정읍시,240.2,28804,11991,112169
2018,전라북도,남원시,234.1,21444,9160,82554
2018,전라북도,김제시,312.3,25257,8088,85331
2018,전라북도,완주군,155.2,19780,12742,94444
2018,전라북도,진안군,369.8,8435,2281,25963
2018,전라북도,무주군,334.0,7715,2310,24589
2018,전라북도,장수군,320.3,7198,2247,23221
2018,전라북도,임실군,372.5,9770,2623,30072
2018,전라북도,순창군,315.4,9279,2942,29209
2018,전라북도,고창군,361.6,18076,4999,57041
2018,전라북도,부안군,357.4,16635,4655,54441
2018,전라남도,목포시,103.8,34821,33540,232327
2018,전라남도,여수시,139.0,49609,35694,283300
2018,전라남도,순천시,103.6,40542,39127,279389
2018,전라남도,나주시,165.3,24658,14921,113839
2018,전라남도,광양시,80.5,18319,22766,156564
2018,전라남도,담양군,353.2,13816,3912,46917
2018,전라남도,곡성군,443.5,10028,2261,29624
2018,전라남도,구례군,371.1,8510,2293,27117
2018,전라남도,고흥군,551.3,25568,4638,65777
2018,전라남도,보성군,447.8,15376,3434,42803
2018,전라남도,화순군,243.6,15996,6566,63933
2018,전라남도,장흥군,361.9,12611,3485,39312
2018,전라남도,강진군,357.8,11828,3306,36144
2018,전라남도,해남군,298.5,21811,7307,71901
2018,전라남도,영암군,221.8,13835,6238,54731
2018,전라남도,무안군,139.0,16599,11943,81991
2018,전라남도,함평군,436.6,11421,2616,33420
2018,전라남도,영광군,261.8,15045,5747,54127
2018,전라남도,장성군,265.8,12936,4867,45795
2018,전라남도,완도군,296.9,15734,5300,51477
2018,전라남도,진도군,347.5,10111,2910,31219
2018,전라남도,신안군,504.3,13958,2768,41263
2018,경상북도,포항시,116.5,77024,66108,510013
2018,경상북도,남구,116.4,35780,30744,239400
2018,경상북도,북구,116.6,41244,35364,270613
2018,경상북도,경주시,189.7,52504,27677,256864
2018,경상북도,김천시,180.7,30318,16781,141104
2018,경상북도,안동시,199.9,36850,18436,162180
2018,경상북도,구미시,52.8,35432,67080,421494
2018,경상북도,영주시,231.5,26341,11376,106801
2018,경상북도,영천시,298.6,26844,8991,101595
2018,경상북도,상주시,312.9,29100,9299,100297
2018,경상북도,문경시,296.7,20324,6850,71874
2018,경상북도,경산시,121.3,40066,33019,261093
2018,경상북도,군위군,711.2,8983,1263,23919
2018,경상북도,의성군,651.6,20570,3157,52944
2018,경상북도,청송군,531.9,8957,1684,25678
2018,경상북도,영양군,472.4,6084,1288,17356
2018,경상북도,영덕군,449.2,13287,2958,38108
2018,경상북도,청도군,563.6,15172,2692,43057
2018,경상북도,고령군,333.3,9380,2814,32969
2018,경상북도,성주군,399.3,13142,3291,44672
2018,경상북도,칠곡군,98.0,16692,17027,118828
2018,경상북도,예천군,246.7,15876,6436,53274
2018,경상북도,봉화군,432.9,11040,2550,32843
2018,경상북도,울진군,261.1,13073,5007,50036
2018,경상북도,울릉군,326.7,2290,701,9832
2018,경상남도,창원시,93.8,131613,140261,1053601
2018,경상남도,의창구,88.7,28327,31920,252896
2018,경상남도,성산구,51.3,15687,30556,227337
2018,경상남도,마산합포구,164.1,33800,20591,180535
2018,경상남도,마산회원구,119.5,29471,24661,199457
2018,경상남도,진해구,74.8,24328,32533,193376
2018,경상남도,진주시,113.2,53260,47042,345987
2018,경상남도,통영시,125.0,22844,18281,133720
2018,경상남도,사천시,154.2,22641,14685,113888
2018,경상남도,김해시,65.2,53753,82442,533672
2018,경상남도,밀양시,275.1,27561,10019,106744
2018,경상남도,거제시,52.7,23456,44467,250516
2018,경상남도,양산시,77.2,41664,53946,348639
2018,경상남도,의령군,478.5,9584,2003,27667
2018,경상남도,함안군,184.6,14825,8030,67025
2018,경상남도,창녕군,322.7,18034,5589,63396
2018,경상남도,고성군,301.1,15158,5035,53243
2018,경상남도,남해군,523.7,15910,3038,43990
2018,경상남도,하동군,394.9,14849,3760,47533
2018,경상남도,산청군,441.4,12091,2739,35952
2018,경상남도,함양군,355.8,12620,3547,40044
2018,경상남도,거창군,235.3,16214,6891,62455
2018,경상남도,합천군,559.5,17088,3054,45916
2018,제주특별자치도,제주시,85.9,63813,74248,485946
2018,제주특별자치도,서귀포시,134.9,32394,24013,181245
2019,서울특별시,종로구,204.4,27318,13364,151290
2019,서울특별시,중구,217.9,22974,10543,126171
2019,서울특별시,용산구,178.9,38346,21439,228670
2019,경기도,수원시,76.7,123647,161288,1194465
2019,서울특별시,성동구,138.8,43796,31559,300889
2019,서울특별시,광진구,140.3,47681,33983,351350
2019,서울특별시,동대문구,177.5,59170,33326,346194
2019,서울특별시,중랑구,174.7,65065,37243,397015
2019,서울특별시,성북구,145.6,70699,48562,442650
2019,서울특별시,강북구,218.2,60474,27714,313954
2019,서울특별시,도봉구,179.9,58664,32614,333362
2019,서울특별시,노원구,133.9,80854,60377,532905
2019,서울특별시,은평구,161.7,80567,49813,480032
2019,서울특별시,서대문구,165.5,51645,31201,309397
2019,서울특별시,마포구,128.8,52104,40457,374035
2019,서울특별시,양천구,106.3,61147,57546,458165
2019,서울특별시,강서구,127.8,83839,65584,591796
2019,서울특별시,구로구,143.7,64932,45177,406664
2019,서울특별시,금천구,180.6,37196,20600,232810
2019,서울특별시,영등포구,155.5,56957,36639,367678
2019,서울특별시,동작구,155.5,61994,39862,395963
2019,서울특별시,관악구,194.9,74787,38374,500094
2019,서울특별시,서초구,97.8,57036,58340,430826
2019,서울특별시,강남구,106.2,70896,66767,545169
2019,서울특별시,송파구,105.9,87182,82343,675961
2019,서울특별시,강동구,127.1,63341,49823,436067
2019,부산광역시,중구,447.9,10744,2399,41910
2019,부산광역시,서구,290.4,26069,8978,108229
2019,부산광역시,동구,349.3,22257,6371,88165
2019,부산광역시,영도구,329.4,30116,9142,116711
2019,부산광역시,부산진구,198.1,67133,33887,357880
2019,부산광역시,동래구,147.9,46863,31675,271247
2019,부산광역시,남구,168.8,51717,30634,274480
2019,부산광역시,북구,145.4,45908,31577,291132
2019,부산광역시,해운대구,138.5,66218,47814,406102
2019,부산광역시,사하구,164.9,55964,33938,321004
2019,부산광역시,금정구,208.4,46642,22385,239062
2019,부산광역시,강서구,59.8,15183,25407,129566
2019,부산광역시,연제구,163.4,37891,23187,209395
2019,부산광역시,수영구,223.2,35661,15975,176148
2019,부산광역시,사상구,175.4,36409,20756,218094
2019,부산광역시,기장군,92.3,25348,27456,164716
2019,대구광역시,중구,200.2,15597,7790,77421
2019,대구광역시,동구,160.0,64014,40014,345469
2019,대구광역시,서구,279.1,36752,13167,175277
2019,대구광역시,남구,286.1,32987,11528,148113
2019,대구광역시,북구,108.3,60120,55503,437710
2019,대구광역시,수성구,114.6,63474,55396,428614
2019,대구광역시,달서구,109.4,75775,69272,568887
2019,대구광역시,달성군,72.4,30558,42229,256540
2019,인천광역시,중구,104.0,19076,18349,135135
2019,인천광역시,동구,200.2,13751,6869,64427
2019,인천광역시,미추홀구,148.1,65642,44314,408862
2019,인천광역시,연수구,60.8,34346,56480,366550
2019,인천광역시,남동구,94.4,66423,70333,532704
2019,인천광역시,부평구,121.0,69549,57490,511577
2019,인천광역시,계양구,105.9,35043,33084,303471
2019,인천광역시,서구,66.1,53691,81203,544556
2019,인천광역시,강화군,392.4,21902,5581,69178
2019,인천광역시,옹진군,333.0,5125,1539,20566
2019,광주광역시,동구,218.9,21138,9658,98585
2019,광주광역시,서구,105.3,40246,38220,300975
2019,광주광역시,남구,123.8,36162,29213,218060
2019,광주광역시,북구,111.3,61446,55195,433533
2019,광주광역시,광산구,53.1,36487,68751,405315
2019,대전광역시,동구,157.8,40621,25745,226771
2019,대전광역시,중구,161.3,43648,27061,240473
2019,대전광역시,서구,89.5,57201,63943,481222
2019,대전광역시,유성구,56.2,31182,55493,349373
2019,대전광역시,대덕구,132.9,26039,19591,177031
2019,울산광역시,중구,111.7,31023,27772,223581
2019,울산광역시,남구,92.8,36318,39141,323819
2019,울산광역시,동구,75.6,18189,24071,159656
2019,울산광역시,북구,42.8,16449,38394,217796
2019,울산광역시,울주군,102.2,30586,29932,223167
2019,경기도,장안구,102.6,34579,33714,278377
2019,경기도,권선구,76.3,38769,50837,371754
2019,경기도,팔달구,151.5,25354,16739,175866
2019,경기도,영통구,41.6,24945,59998,368468
2019,경기도,성남시,110.5,125807,113832,942724
2019,경기도,수정구,148.0,35669,24098,234678
2019,경기도,중원구,147.5,32521,22046,220041
2019,경기도,분당구,85.1,57617,67688,488005
2019,경기도,의정부시,118.6,65272,55022,451868
2019,경기도,안양시,105.8,71643,67734,567044
2019,경기도,만안구,141.5,36017,25458,244235
2019,경기도,동안구,84.3,35626,42276,322809
2019,경기도,부천시,108.6,104089,95810,829996
2019,경기도,광명시,100.7,41397,41092,316552
2019,경기도,평택시,84.0,61910,73724,513027
2019,경기도,동두천시,164.9,18344,11125,94768
2019,경기도,안산시,88.0,66438,75473,650918
2019,경기도,상록구,94.9,37004,38998,344613
2019,경기도,단원구,80.7,29434,36475,306305
2019,경기도,고양시,100.9,135272,134052,1066351
2019,경기도,덕양구,110.7,64799,58537,466157
2019,경기도,일산동구,98.8,35110,35540,297671
2019,경기도,일산서구,88.5,35363,39975,302523
2019,경기도,과천시,109.6,8084,7377,58289
2019,경기도,구리시,100.4,25159,25048,199265
2019,경기도,남양주시,87.8,93007,105943,701830
2019,경기도,오산시,53.4,20257,37930,226379
2019,경기도,시흥시,58.6,41403,70647,473682
2019,경기도,군포시,95.4,33726,35356,275852
2019,경기도,의왕시,104.9,20823,19843,161153
2019,경기도,하남시,80.1,33597,41927,272455
2019,경기도,용인시,80.6,133817,166125,1059609
2019,경기도,처인구,102.1,35172,34459,253896
2019,경기도,기흥구,73.4,52782,71880,436679
2019,경기도,수지구,76.7,45863,59786,369034
2019,경기도,파주시,87.3,60663,69512,454040
2019,경기도,이천시,95.1,29245,30743,215834
2019,경기도,안성시,129.9,30729,23656,183405
2019,경기도,김포시,69.0,52278,75751,437221
2019,경기도,화성시,44.7,69434,155398,815396
2019,경기도,광주시,88.3,46344,52511,372654
2019,경기도,양주시,106.7,33412,31327,222314
2019,경기도,포천시,182.9,27615,15099,148379
2019,경기도,여주시,188.0,23068,12272,111083
2019,경기도,연천군,249.6,10990,4403,43824
2019,경기도,가평군,266.7,15423,5783,62415
2019,경기도,양평군,229.4,28448,12400,116874
2019,강원도,춘천시,136.1,47645,35008,281291
2019,강원도,원주시,108.7,49983,45995,349215
2019,강원도,강릉시,188.5,43113,22870,213442
2019,강원도,동해시,156.8,17338,11059,90522
2019,강원도,태백시,220.2,10324,4688,43866
2019,강원도,속초시,159.2,14816,9309,81786
2019,강원도,삼척시,245.9,16004,6509,67228
2019,강원도,홍천군,264.2,17173,6501,69150
2019,강원도,횡성군,341.8,12989,3800,46575
2019,강원도,영월군,371.2,11024,2970,39127
2019,강원도,평창군,326.1,11200,3435,42106
2019,강원도,정선군,314.3,9837,3130,37271
2019,강원도,철원군,186.3,9830,5276,45584
2019,강원도,화천군,193.5,5319,2749,24917
2019,강원도,양구군,163.2,4493,2753,22764
2019,강원도,인제군,165.2,6194,3749,31672
2019,강원도,고성군,364.5,7659,2101,27260
2019,강원도,양양군,356.3,7945,2230,27726
2019,충청북도,청주시,89.8,106373,118420,839566
2019,충청북도,상당구,116.5,27300,23431,178352
2019,충청북도,서원구,107.9,27930,25875,203209
2019,충청북도,흥덕구,74.1,27694,37378,262137
2019,충청북도,청원구,73.9,23449,31736,195868
2019,충청북도,충주시,163.8,39811,24301,210737
2019,충청북도,제천시,187.6,27790,14812,134617
2019,충청북도,보은군,427.1,10909,2554,32949
2019,충청북도,옥천군,314.1,14557,4634,51023
2019,충청북도,영동군,355.9,14601,4102,48738
2019,충청북도,증평군,116.0,6143,5297,37392
2019,충청북도,진천군,111.0,13002,11712,81084
2019,충청북도,괴산군,524.6,12527,2388,39163
2019,충청북도,음성군,185.6,19067,10272,94982
2019,충청북도,단양군,384.4,8645,2249,29756
2019,충청남도,천안시,68.7,67177,97847,652258
2019,충청남도,동남구,100.5,34905,34717,259411
2019,충청남도,서북구,51.1,32272,63130,392847
2019,충청남도,공주시,263.2,26448,10050,106474
2019,충청남도,보령시,237.8,24988,10508,101114
2019,충청남도,아산시,76.1,40045,52651,314395
2019,충청남도,서산시,126.8,31101,24526,174690
2019,충청남도,논산시,241.7,30106,12456,118842
2019,충청남도,계룡시,66.0,4764,7214,42971
2019,충청남도,당진시,121.4,29933,24655,167042
2019,충청남도,금산군,317.5,15613,4918,52257
2019,충청남도,부여군,410.9,22051,5367,66740
2019,충청남도,서천군,451.6,18417,4078,52805
2019,충청남도,청양군,488.3,10762,2204,31717
2019,충청남도,홍성군,181.2,22991,12688,100423
2019,충청남도,예산군,360.6,23711,6575,79238
2019,충청남도,태안군,340.1,18567,5459,62743
2019,전라북도,전주시,103.8,93161,89708,654394
2019,전라북도,완산구,121.4,50917,41939,338839
2019,전라북도,덕진구,88.4,42244,47769,315555
2019,전라북도,군산시,135.1,48059,35563,270131
2019,전라북도,익산시,157.3,53525,34032,287771
2019,전라북도,정읍시,257.4,29490,11456,110541
2019,전라북도,남원시,252.9,22050,8719,81441
2019,전라북도,김제시,334.0,25650,7680,83895
2019,전라북도,완주군,173.2,20438,11799,92220
2019,전라북도,진안군,400.4,8613,2151,25697
2019,전라북도,무주군,362.5,7891,2177,24303
2019,전라북도,장수군,354.0,7304,2063,22441
2019,전라북도,임실군,410.1,9830,2397,28902
2019,전라북도,순창군,337.9,9312,2756,28382
2019,전라북도,고창군,386.7,18370,4751,55504
2019,전라북도,부안군,383.2,16983,4432,53295
2019,전라남도,목포시,111.9,36087,32256,229861
2019,전라남도,여수시,151.1,51995,34422,282786
2019,전라남도,순천시,109.8,42273,38484,279598
2019,전라남도,나주시,169.1,25257,14932,114664
2019,전라남도,광양시,87.2,19300,22144,156750
2019,전라남도,담양군,373.5,13960,3738,46535
2019,전라남도,곡성군,486.7,10084,2072,28887
2019,전라남도,구례군,403.2,8676,2152,26563
2019,전라남도,고흥군,578.6,25806,4460,64913
2019,전라남도,보성군,492.9,15429,3130,41420
2019,전라남도,화순군,261.7,16286,6224,62737
2019,전라남도,장흥군,377.0,12720,3374,38563
2019,전라남도,강진군,377.4,11883,3149,35286
2019,전라남도,해남군,319.7,21957,6869,70354
2019,전라남도,영암군,233.5,14074,6027,54593
2019,전라남도,무안군,145.7,16858,11573,81105
2019,전라남도,함평군,478.2,11564,2418,32861
2019,전라남도,영광군,262.4,15194,5791,53852
2019,전라남도,장성군,280.0,13067,4667,45739
2019,전라남도,완도군,314.5,15921,5062,50689
2019,전라남도,진도군,355.1,10085,2840,30715
2019,전라남도,신안군,532.2,14072,2644,40274
2019,경상북도,포항시,127.3,82001,64404,507025
2019,경상북도,남구,129.2,37998,29421,235633
2019,경상북도,북구,125.8,44003,34983,271392
2019,경상북도,경주시,203.5,54639,26851,255402
2019,경상북도,김천시,189.7,31252,16476,141229
2019,경상북도,안동시,215.1,37906,17624,160052
2019,경상북도,구미시,57.2,37540,65604,419742
2019,경상북도,영주시,251.8,27259,10826,105067
2019,경상북도,영천시,307.2,27672,9007,102470
2019,경상북도,상주시,330.1,29822,9034,100688
2019,경상북도,문경시,311.4,20891,6709,72242
2019,경상북도,경산시,130.2,42079,32327,263185
2019,경상북도,군위군,760.2,9176,1207,23843
2019,경상북도,의성군,674.5,21005,3114,52595
2019,경상북도,청송군,568.1,9135,1608,25416
2019,경상북도,영양군,487.5,6118,1255,16993
2019,경상북도,영덕군,472.0,13458,2851,37361
2019,경상북도,청도군,586.9,15541,2648,42910
2019,경상북도,고령군,369.2,9648,2613,32373
2019,경상북도,성주군,433.1,13477,3112,44015
2019,경상북도,칠곡군,108.3,17488,16154,117047
2019,경상북도,예천군,238.8,16389,6864,55100
2019,경상북도,봉화군,473.1,11222,2372,32150
2019,경상북도,울진군,280.2,13356,4767,49314
2019,경상북도,울릉군,331.6,2341,706,9617
2019,경상남도,창원시,103.1,140151,135929,1044740
2019,경상남도,의창구,94.3,30631,32482,258582
2019,경상남도,성산구,58.3,16838,28902,220945
2019,경상남도,마산합포구,178.1,35512,19935,177784
2019,경상남도,마산회원구,135.5,31284,23087,193807
2019,경상남도,진해구,82.1,25886,31523,193622
2019,경상남도,진주시,120.5,55899,46407,347334
2019,경상남도,통영시,137.8,23895,17346,131404
2019,경상남도,사천시,168.1,23428,13937,111925
2019,경상남도,김해시,70.2,57532,81955,542455
2019,경상남도,밀양시,295.6,28549,9658,105552
2019,경상남도,거제시,58.1,24892,42808,248276
2019,경상남도,양산시,84.0,44631,53109,350759
2019,경상남도,의령군,523.7,9689,1850,27168
2019,경상남도,함안군,200.9,15354,7644,65700
2019,경상남도,창녕군,337.4,18426,5461,62331
2019,경상남도,고성군,326.5,15577,4771,52276
2019,경상남도,남해군,541.7,15987,2951,43622
2019,경상남도,하동군,428.1,15120,3532,46574
2019,경상남도,산청군,486.5,12444,2558,35417
2019,경상남도,함양군,384.3,12836,3340,39637
2019,경상남도,거창군,251.8,16603,6595,62179
2019,경상남도,합천군,596.1,17244,2893,45204
2019,제주특별자치도,제주시,91.1,66690,73182,489405
2019,제주특별자치도,서귀포시,142.2,33707,23707,181584
2020,서울특별시,종로구,223.3,28311,12679,149384
2020,서울특별시,중구,243.5,24174,9928,125240
2020,서울특별시,용산구,192.3,39779,20688,230040
2020,서울특별시,성동구,153.7,45435,29566,293556
2020,서울특별시,광진구,158.2,50311,31809,346682
2020,서울특별시,동대문구,193.5,61612,31846,342837
2020,서울특별시,중랑구,195.6,69341,35444,394702
2020,서울특별시,성북구,159.5,73613,46162,437153
2020,서울특별시,강북구,245.8,63313,25762,308055
2020,서울특별시,도봉구,203.5,62009,30478,325257
2020,서울특별시,노원구,148.7,85420,57456,523037
2020,서울특별시,은평구,177.9,85010,47781,479835
2020,서울특별시,서대문구,172.9,53756,31090,312173
2020,서울특별시,마포구,139.7,54002,38669,371890
2020,서울특별시,양천구,116.3,65541,56367,454251
2020,서울특별시,강서구,146.0,88733,60762,580185
2020,서울특별시,구로구,161.4,69201,42885,404408
2020,서울특별시,금천구,204.4,39314,19233,231733
2020,서울특별시,영등포구,162.7,60663,37280,379480
2020,서울특별시,동작구,172.3,64928,37675,391220
2020,서울특별시,관악구,223.4,78430,35103,495060
2020,서울특별시,서초구,105.5,60072,56954,425126
2020,서울특별시,강남구,113.7,74959,65904,539231
2020,서울특별시,송파구,116.9,93309,79805,667960
2020,서울특별시,강동구,129.3,69903,54071,459970
2020,부산광역시,중구,518.8,11315,2181,41523
2020,부산광역시,서구,303.6,27346,9008,108135
2020,부산광역시,동구,369.4,23381,6330,88901
2020,부산광역시,영도구,368.9,31483,8534,113342
2020,부산광역시,부산진구,214.6,70896,33040,359886
2020,부산광역시,동래구,156.4,49927,31919,270745
2020,부산광역시,남구,184.8,53898,29159,267731
2020,부산광역시,북구,165.7,49304,29762,283952
2020,부산광역시,해운대구,150.5,70306,46727,402169
2020,부산광역시,사하구,187.0,59570,31852,311757
2020,부산광역시,금정구,230.9,48920,21188,232666
2020,부산광역시,강서구,61.1,16633,27201,137957
2020,부산광역시,연제구,178.7,40515,22674,209157
2020,부산광역시,수영구,238.7,37610,15757,176894
2020,부산광역시,사상구,201.2,38865,19316,212586
2020,부산광역시,기장군,97.3,27742,28516,174545
2020,대구광역시,중구,213.6,15928,7458,76547
2020,대구광역시,동구,177.0,67439,38100,341920
2020,대구광역시,서구,315.7,38587,12221,170700
2020,대구광역시,남구,312.1,34187,10953,146632
2020,대구광역시,북구,118.7,64054,53973,440263
2020,대구광역시,수성구,123.0,66564,54128,424314
2020,대구광역시,달서구,122.3,80646,65918,558631
2020,대구광역시,달성군,78.6,33089,42107,259339
2020,인천광역시,중구,110.7,20531,18547,139729
2020,인천광역시,동구,232.9,14453,6207,62542
2020,인천광역시,미추홀구,163.7,69074,42194,404343
2020,인천광역시,연수구,63.4,38190,60260,387450
2020,인천광역시,남동구,107.3,71468,66578,525354
2020,인천광역시,부평구,138.0,73424,53193,494962
2020,인천광역시,계양구,122.9,37947,30870,296750
2020,인천광역시,서구,74.3,58087,78231,542040
2020,인천광역시,강화군,408.3,22824,5590,69203
2020,인천광역시,옹진군,373.9,5485,1467,20455
2020,광주광역시,동구,212.0,22196,10468,102897
2020,광주광역시,서구,116.9,42471,36322,296576
2020,광주광역시,남구,132.3,37715,28502,214579
2020,광주광역시,북구,120.9,64829,53638,430431
2020,광주광역시,광산구,58.4,38455,65868,405579
2020,대전광역시,동구,174.4,42533,24393,223021
2020,대전광역시,중구,179.9,45701,25410,235550
2020,대전광역시,서구,98.8,61027,61771,477880
2020,대전광역시,유성구,62.3,33654,54025,351047
2020,대전광역시,대덕구,147.8,27869,18850,176384
2020,울산광역시,중구,125.5,33231,26476,217595
2020,울산광역시,남구,102.5,39173,38211,320064
2020,울산광역시,동구,86.3,19955,23132,156806
2020,울산광역시,북구,47.5,18025,37964,219014
2020,울산광역시,울주군,114.9,32983,28700,222538
2020,경기도,수원시,85.4,131936,154487,1186078
2020,경기도,장안구,115.6,36657,31713,273661
2020,경기도,권선구,84.5,41407,48993,368645
2020,경기도,팔달구,171.6,26837,15638,174930
2020,경기도,영통구,46.5,27035,58143,368842
2020,경기도,성남시,119.7,133221,111277,940064
2020,경기도,수정구,159.4,38440,24114,241701
2020,경기도,중원구,163.9,34383,20976,216131
2020,경기도,분당구,91.3,60398,66187,482232
2020,경기도,의정부시,129.0,70369,54554,461710
2020,경기도,안양시,118.2,75581,63963,550027
2020,경기도,만안구,158.3,38180,24119,239413
2020,경기도,동안구,93.9,37401,39844,310614
2020,경기도,부천시,123.4,111952,90740,818383
2020,경기도,광명시,109.3,41683,38138,298599
2020,경기도,평택시,87.3,66486,76153,537307
2020,경기도,동두천시,183.8,19397,10556,94353
2020,경기도,안산시,97.5,71620,73468,654915
2020,경기도,상록구,102.0,39813,39031,351888
2020,경기도,단원구,92.4,31807,34437,303027
2020,경기도,고양시,110.2,145710,132185,1079216
2020,경기도,덕양구,118.8,69933,58864,476962
2020,경기도,일산동구,108.9,37760,34687,299716
2020,경기도,일산서구,98.4,38017,38634,302538
2020,경기도,과천시,110.6,8994,8132,63231
2020,경기도,구리시,112.7,26962,23915,197454
2020,경기도,남양주시,96.2,100537,104519,713321
2020,경기도,오산시,59.8,22060,36867,229725
2020,경기도,시흥시,63.6,46782,73602,500895
2020,경기도,군포시,109.4,36416,33283,273791
2020,경기도,의왕시,110.7,22280,20130,163795
2020,경기도,하남시,85.5,37573,43929,293452
2020,경기도,용인시,88.0,143096,162591,1074176
2020,경기도,처인구,111.9,37579,33588,257498
2020,경기도,기흥구,82.2,56743,69001,440835
2020,경기도,수지구,81.3,48774,60002,375843
2020,경기도,파주시,93.2,64915,69683,465617
2020,경기도,이천시,104.8,31134,29703,218388
2020,경기도,안성시,143.3,32844,22923,187012
2020,경기도,김포시,71.2,58124,81618,473970
2020,경기도,화성시,48.2,76180,158200,855248
2020,경기도,광주시,97.8,51079,52244,382054
2020,경기도,양주시,113.4,36245,31974,230359
2020,경기도,포천시,206.3,29314,14209,147274
2020,경기도,여주시,203.9,24475,12003,111897
2020,경기도,연천군,272.8,11490,4212,43516
2020,경기도,가평군,297.1,16324,5494,62377
2020,경기도,양평군,250.1,30536,12210,118810
2020,강원도,춘천시,146.6,50567,34489,282765
2020,강원도,원주시,116.2,53390,45939,354376
2020,강원도,강릉시,204.1,45484,22290,213321
2020,강원도,동해시,169.2,18293,10810,90593
2020,강원도,태백시,244.0,10760,4410,42719
2020,강원도,속초시,170.0,15874,9336,82665
2020,강원도,삼척시,267.5,16572,6195,65243
2020,강원도,홍천군,293.8,18133,6171,69242
2020,강원도,횡성군,376.6,13701,3638,46472
2020,강원도,영월군,405.7,11498,2834,38662
2020,강원도,평창군,366.4,11831,3229,41681
2020,강원도,정선군,348.5,10317,2960,36870
2020,강원도,철원군,197.6,10171,5148,44699
2020,강원도,화천군,213.0,5609,2633,24857
2020,강원도,양구군,184.4,4702,2550,22278
2020,강원도,인제군,177.8,6530,3673,31694
2020,강원도,고성군,399.8,7945,1987,26757
2020,강원도,양양군,381.0,8314,2182,27946
2020,충청북도,청주시,97.2,113322,116625,844993
2020,충청북도,상당구,115.1,29380,25526,190034
2020,충청북도,서원구,125.7,29476,23448,194720
2020,충청북도,흥덕구,79.4,29574,37266,265866
2020,충청북도,청원구,81.9,24892,30385,194373
2020,충청북도,충주시,176.4,41852,23720,210186
2020,충청북도,제천시,205.3,29256,14252,133018
2020,충청북도,보은군,461.2,11217,2432,32412
2020,충청북도,옥천군,337.2,15080,4472,50527
2020,충청북도,영동군,389.8,15082,3869,47475
2020,충청북도,증평군,129.3,6416,4963,36807
2020,충청북도,진천군,115.0,13762,11967,83718
2020,충청북도,괴산군,564.0,13157,2333,39393
2020,충청북도,음성군,209.1,19978,9552,93153
2020,충청북도,단양군,427.8,9026,2110,29155
2020,충청남도,천안시,75.0,72151,96227,658808
2020,충청남도,동남구,111.6,37236,33379,258009
2020,충청남도,서북구,55.6,34915,62848,400799
2020,충청남도,공주시,288.3,27675,9598,104545
2020,충청남도,보령시,259.2,26211,10113,100229
2020,충청남도,아산시,82.5,42355,51335,316129
2020,충청남도,서산시,134.3,32436,24148,175591
2020,충청남도,논산시,260.7,31095,11928,116675
2020,충청남도,계룡시,74.8,5141,6874,42822
2020,충청남도,당진시,130.9,31331,23927,166249
2020,충청남도,금산군,343.0,16075,4686,51413
2020,충청남도,부여군,451.3,22683,5026,65354
2020,충청남도,서천군,492.4,18988,3856,51866
2020,충청남도,청양군,519.4,11059,2129,30948
2020,충청남도,홍성군,191.6,24005,12526,100102
2020,충청남도,예산군,394.2,24627,6247,78084
2020,충청남도,태안군,373.4,19356,5184,62214
2020,전라북도,전주시,111.5,98562,88404,657432
2020,전라북도,완산구,130.6,53907,41291,339718
2020,전라북도,덕진구,94.8,44655,47113,317714
2020,전라북도,군산시,148.7,50700,34090,267859
2020,전라북도,익산시,175.4,56167,32019,282276
2020,전라북도,정읍시,280.3,30258,10796,108508
2020,전라북도,남원시,270.3,22694,8397,80662
2020,전라북도,김제시,363.7,26322,7238,82450
2020,전라북도,완주군,191.4,21410,11187,91609
2020,전라북도,진안군,431.5,8898,2062,25394
2020,전라북도,무주군,381.4,8075,2117,24036
2020,전라북도,장수군,382.4,7557,1976,22085
2020,전라북도,임실군,461.4,9952,2157,27314
2020,전라북도,순창군,365.8,9455,2585,27810
2020,전라북도,고창군,410.6,18782,4574,54529
2020,전라북도,부안군,411.0,17371,4227,52140
2020,전라남도,목포시,124.7,37827,30332,224044
2020,전라남도,여수시,163.5,54587,33390,280242
2020,전라남도,순천시,116.9,44445,38017,282189
2020,전라남도,나주시,173.3,25986,14996,115613
2020,전라남도,광양시,95.4,20188,21169,151769
2020,전라남도,담양군,390.3,14436,3699,46280
2020,전라남도,곡성군,533.8,10185,1908,28039
2020,전라남도,구례군,446.1,8882,1991,25719
2020,전라남도,고흥군,603.7,26298,4356,63922
2020,전라남도,보성군,530.0,15603,2944,40482
2020,전라남도,화순군,278.5,16791,6029,62522
2020,전라남도,장흥군,396.9,12928,3257,37800
2020,전라남도,강진군,405.6,12035,2967,34597
2020,전라남도,해남군,344.8,22293,6466,68806
2020,전라남도,영암군,256.3,14400,5618,53699
2020,전라남도,무안군,138.5,17528,12655,86132
2020,전라남도,함평군,509.3,11720,2301,32050
2020,전라남도,영광군,269.0,15488,5758,53099
2020,전라남도,장성군,309.4,13400,4331,44464
2020,전라남도,완도군,330.9,16244,4909,49916
2020,전라남도,진도군,372.5,10325,2772,31227
2020,전라남도,신안군,579.5,14291,2466,38938
2020,경상북도,포항시,140.4,87960,62658,502916
2020,경상북도,남구,145.1,40619,28000,230422
2020,경상북도,북구,136.6,47341,34658,272494
2020,경상북도,경주시,219.4,57313,26122,253502
2020,경상북도,김천시,201.0,32520,16183,140548
2020,경상북도,안동시,228.9,39193,17125,158907
2020,경상북도,구미시,62.8,39998,63719,416328
2020,경상북도,영주시,274.0,28146,10274,103119
2020,경상북도,영천시,325.9,28871,8858,102015
2020,경상북도,상주시,351.6,30472,8666,97228
2020,경상북도,문경시,329.1,21600,6563,71406
2020,경상북도,경산시,141.8,44579,31440,263728
2020,경상북도,군위군,829.9,9461,1140,23256
2020,경상북도,의성군,725.9,21478,2959,51724
2020,경상북도,청송군,620.1,9382,1513,25044
2020,경상북도,영양군,535.7,6278,1172,16692
2020,경상북도,영덕군,516.1,13750,2664,36313
2020,경상북도,청도군,618.3,16027,2592,42263
2020,경상북도,고령군,417.7,9941,2380,31361
2020,경상북도,성주군,471.5,13971,2963,43414
2020,경상북도,칠곡군,120.4,18335,15228,114758
2020,경상북도,예천군,242.0,16844,6959,55613
2020,경상북도,봉화군,512.9,11567,2255,31494
2020,경상북도,울진군,295.9,13643,4611,48716
2020,경상북도,울릉군,384.2,2386,621,9077
2020,경상남도,창원시,114.0,150905,132426,1036738
2020,경상남도,의창구,100.8,33221,32953,262408
2020,경상남도,성산구,67.1,18340,27336,214570
2020,경상남도,마산합포구,194.7,37898,19466,175716
2020,경상남도,마산회원구,151.9,33722,22207,191289
2020,경상남도,진해구,91.0,27724,30464,192755
2020,경상남도,진주시,129.2,59032,45705,348096
2020,경상남도,통영시,153.4,25137,16383,128293
2020,경상남도,사천시,182.5,24604,13482,111105
2020,경상남도,김해시,77.6,61857,79697,542338
2020,경상남도,밀양시,319.4,29887,9357,104831
2020,경상남도,거제시,65.0,26869,41308,245754
2020,경상남도,양산시,93.1,48495,52112,352229
2020,경상남도,의령군,567.6,9921,1748,26800
2020,경상남도,함안군,226.0,16086,7117,64182
2020,경상남도,창녕군,373.9,19105,5110,61301
2020,경상남도,고성군,359.6,16095,4476,51361
2020,경상남도,남해군,562.8,16258,2889,42958
2020,경상남도,하동군,484.7,15490,3196,44785
2020,경상남도,산청군,551.5,12833,2327,34857
2020,경상남도,함양군,412.4,13227,3207,39080
2020,경상남도,거창군,268.3,17026,6345,61502
2020,경상남도,합천군,636.9,17431,2737,44006
2020,제주특별자치도,제주시,97.9,70720,72242,492466
2020,제주특별자치도,서귀포시,150.5,35434,23547,182169
2021,서울특별시,종로구,231.7,27609,11918,144683
2021,서울특별시,중구,257.0,24037,9352,122499
2021,서울특별시,용산구,196.7,38552,19604,222953
2021,서울특별시,성동구,163.7,46201,28220,285990
2021,서울특별시,광진구,173.8,51450,29611,339996
2021,서울특별시,동대문구,203.3,62009,30495,337400
2021,서울특별시,중랑구,214.7,71560,33325,387350
2021,서울특별시,성북구,167.2,74545,44582,430528
2021,서울특별시,강북구,269.0,64218,23870,299182
2021,서울특별시,도봉구,225.1,64114,28488,317366
2021,서울특별시,노원구,163.1,88271,54122,510956
2021,서울특별시,은평구,192.2,87038,45280,473307
2021,서울특별시,서대문구,182.7,53822,29460,304819
2021,서울특별시,마포구,145.5,54231,37283,368905
2021,서울특별시,양천구,126.5,68483,54121,447302
2021,서울특별시,강서구,159.5,92336,57891,574315
2021,서울특별시,구로구,176.6,71445,40460,396754
2021,서울특별시,금천구,222.4,40442,18186,230811
2021,서울특별시,영등포구,168.5,61295,36369,376837
2021,서울특별시,동작구,184.5,66320,35940,385483
2021,서울특별시,관악구,246.5,79371,32194,485699
2021,서울특별시,서초구,110.7,60574,54730,412279
2021,서울특별시,강남구,121.0,78078,64520,533042
2021,서울특별시,송파구,126.1,97503,77329,658338
2021,서울특별시,강동구,136.4,73943,54212,462664
2021,부산광역시,중구,574.7,11206,1950,40524
2021,부산광역시,서구,314.9,27529,8742,105164
2021,부산광역시,동구,380.4,23760,6246,87679
2021,부산광역시,영도구,387.0,31981,8264,110638
2021,부산광역시,부산진구,227.4,72339,31812,353159
2021,부산광역시,동래구,166.6,51829,31110,266866
2021,부산광역시,남구,198.9,55386,27848,262069
2021,부산광역시,북구,180.1,52506,29148,283211
2021,부산광역시,해운대구,161.4,73306,45410,396438
2021,부산광역시,사하구,205.4,62278,30320,306003
2021,부산광역시,금정구,248.1,50401,20316,228049
2021,부산광역시,강서구,64.1,17845,27851,142918
2021,부산광역시,연제구,192.0,42313,22043,207144
2021,부산광역시,수영구,253.3,38971,15388,175095
2021,부산광역시,사상구,224.2,40878,18232,208298
2021,부산광역시,기장군,104.0,29357,28228,177125
2021,대구광역시,중구,211.7,15696,7415,74791
2021,대구광역시,동구,189.5,70449,37169,341436
2021,대구광역시,서구,348.8,39578,11347,164528
2021,대구광역시,남구,335.1,34614,10329,143175
2021,대구광역시,북구,129.7,67236,51828,437008
2021,대구광역시,수성구,131.8,69185,52505,417097
2021,대구광역시,달서구,136.0,84772,62340,544926
2021,대구광역시,달성군,84.6,35530,41977,262451
2021,인천광역시,중구,116.5,21735,18653,143633
2021,인천광역시,동구,248.4,14670,5905,61486
2021,인천광역시,미추홀구,173.8,72320,41600,407464
2021,인천광역시,연수구,68.5,41021,59884,389644
2021,인천광역시,남동구,120.4,75633,62839,518272
2021,인천광역시,부평구,151.5,76493,50478,486765
2021,인천광역시,계양구,138.8,40840,29425,295696
2021,인천광역시,서구,80.3,63203,78751,555380
2021,인천광역시,강화군,434.3,23751,5469,69693
2021,인천광역시,옹진군,413.0,5765,1396,20342
2021,광주광역시,동구,211.3,22646,10717,103470
2021,광주광역시,서구,127.7,43949,34417,291231
2021,광주광역시,남구,136.7,39103,28605,215575
2021,광주광역시,북구,129.9,67575,52010,427114
2021,광주광역시,광산구,63.2,40018,63337,404221
2021,대전광역시,동구,187.8,44157,23515,222222
2021,대전광역시,중구,197.0,47147,23930,230341
2021,대전광역시,서구,108.0,64348,59597,473365
2021,대전광역시,유성구,68.9,36061,52329,351277
2021,대전광역시,대덕구,165.0,29494,17872,175046
2021,울산광역시,중구,138.9,35062,25240,212883
2021,울산광역시,남구,112.5,41430,36815,313819
2021,울산광역시,동구,96.7,21417,22158,154096
2021,울산광역시,북구,53.1,19728,37131,218735
2021,울산광역시,울주군,129.1,35324,27359,222059
2021,경기도,수원시,93.8,139075,148234,1183714
2021,경기도,장안구,124.9,38374,30714,273835
2021,경기도,권선구,94.5,43754,46283,364136
2021,경기도,팔달구,173.3,28310,16334,182321
2021,경기도,영통구,52.2,28637,54903,363422
2021,경기도,성남시,127.7,138091,108099,930948
2021,경기도,수정구,169.7,39127,23051,235988
2021,경기도,중원구,179.0,35249,19688,210777
2021,경기도,분당구,97.5,63715,65360,484183
2021,경기도,의정부시,138.0,73525,53285,463661
2021,경기도,안양시,127.3,79282,62263,547178
2021,경기도,만안구,172.8,39960,23122,238311
2021,경기도,동안구,100.5,39322,39141,308867
2021,경기도,부천시,137.9,118668,86048,806067
2021,경기도,광명시,118.4,43045,36351,292893
2021,경기도,평택시,89.5,70123,78308,564288
2021,경기도,동두천시,198.3,19926,10049,93592
2021,경기도,안산시,108.7,76366,70260,652726
2021,경기도,상록구,113.7,42223,37140,350668
2021,경기도,단원구,103.1,34143,33120,302058
2021,경기도,고양시,120.2,154134,128185,1079353
2021,경기도,덕양구,127.6,74011,57990,482927
2021,경기도,일산동구,119.0,39986,33612,298873
2021,경기도,일산서구,109.7,40137,36583,297553
2021,경기도,과천시,103.5,10358,10003,73345
2021,경기도,구리시,123.9,27820,22456,191948
2021,경기도,남양주시,103.7,108285,104442,733798
2021,경기도,오산시,67.5,23589,34962,229983
2021,경기도,시흥시,69.1,50915,73656,512030
2021,경기도,군포시,123.7,38296,30948,268535
2021,경기도,의왕시,121.1,23644,19532,163356
2021,경기도,하남시,85.1,41540,48836,320087
2021,경기도,용인시,95.7,150263,157005,1077508
2021,경기도,처인구,121.9,39724,32599,260198
2021,경기도,기흥구,90.8,59908,65968,441742
2021,경기도,수지구,86.6,50631,58438,375568
2021,경기도,파주시,98.8,69084,69906,483245
2021,경기도,이천시,114.0,33034,28981,223177
2021,경기도,안성시,156.2,34629,22168,189534
2021,경기도,김포시,76.6,62780,81971,486508
2021,경기도,화성시,52.2,82470,157968,887015
2021,경기도,광주시,108.8,55328,50862,387289
2021,경기도,양주시,121.8,39036,32048,236368
2021,경기도,포천시,228.0,31080,13630,148939
2021,경기도,여주시,224.2,25854,11532,112150
2021,경기도,연천군,293.7,11814,4023,42721
2021,경기도,가평군,320.8,17035,5310,62264
2021,경기도,양평군,268.1,32375,12076,121230
2021,강원도,춘천시,155.8,52955,33985,284594
2021,강원도,원주시,125.2,56771,45350,357757
2021,강원도,강릉시,218.2,47318,21690,212965
2021,강원도,동해시,181.9,19039,10469,90081
2021,강원도,태백시,261.0,10802,4138,40844
2021,강원도,속초시,182.3,16673,9147,82791
2021,강원도,삼척시,289.9,16884,5825,63429
2021,강원도,홍천군,323.2,19086,5905,68365
2021,강원도,횡성군,405.5,14453,3564,46481
2021,강원도,영월군,435.1,11735,2697,37904
2021,강원도,평창군,408.4,12293,3010,40996
2021,강원도,정선군,367.4,10423,2837,35675
2021,강원도,철원군,212.0,10318,4867,43340
2021,강원도,화천군,225.7,5727,2537,24195
2021,강원도,양구군,195.9,4893,2498,21748
2021,강원도,인제군,189.9,6899,3633,32165
2021,강원도,고성군,394.1,8236,2090,27249
2021,강원도,양양군,408.2,8671,2124,27913
2021,충청북도,청주시,105.0,119867,114114,848482
2021,충청북도,상당구,121.2,31181,25720,193827
2021,충청북도,서원구,140.3,31038,22125,192899
2021,충청북도,흥덕구,85.3,31431,36858,267429
2021,충청북도,청원구,89.1,26217,29411,194327
2021,충청북도,충주시,190.0,43795,23048,209358
2021,충청북도,제천시,223.8,30632,13689,131591
2021,충청북도,보은군,499.8,11506,2302,31878
2021,충청북도,옥천군,362.3,15581,4301,50093
2021,충청북도,영동군,424.6,15295,3602,45773
2021,충청북도,증평군,143.1,6782,4740,36426
2021,충청북도,진천군,122.3,14427,11796,85176
2021,충청북도,괴산군,620.7,13562,2185,38122
2021,충청북도,음성군,229.2,20783,9066,92197
2021,충청북도,단양군,473.3,9286,1962,28331
2021,충청남도,천안시,81.5,76090,93400,658486
2021,충청남도,동남구,122.8,39033,31785,255292
2021,충청남도,서북구,60.1,37057,61615,403194
2021,충청남도,공주시,313.8,28478,9075,103145
2021,충청남도,보령시,279.6,26851,9602,98408
2021,충청남도,아산시,87.9,44602,50748,324580
2021,충청남도,서산시,143.1,33834,23647,176645
2021,충청남도,논산시,279.8,31783,11359,114483
2021,충청남도,계룡시,82.1,5506,6709,43331
2021,충청남도,당진시,140.0,32517,23221,167092
2021,충청남도,금산군,376.1,16507,4389,50477
2021,충청남도,부여군,494.0,23199,4696,63774
2021,충청남도,서천군,525.4,19315,3676,50745
2021,충청남도,청양군,549.2,11292,2056,30440
2021,충청남도,홍성군,201.4,24603,12218,99324
2021,충청남도,예산군,427.2,25262,5914,76801
2021,충청남도,태안군,414.2,20140,4862,61526
2021,전라북도,전주시,119.6,102985,86089,657269
2021,전라북도,완산구,142.3,56111,39440,335804
2021,전라북도,덕진구,100.5,46874,46649,321465
2021,전라북도,군산시,161.0,52714,32738,265304
2021,전라북도,익산시,191.4,58099,30353,278113
2021,전라북도,정읍시,297.5,30561,10273,106487
2021,전라북도,남원시,292.6,23223,7936,79431
2021,전라북도,김제시,393.4,26783,6808,80913
2021,전라북도,완주군,208.4,22195,10649,91142
2021,전라북도,진안군,474.7,9053,1907,24987
2021,전라북도,무주군,414.5,8153,1967,23748
2021,전라북도,장수군,413.1,7716,1868,21695
2021,전라북도,임실군,484.2,10105,2087,26730
2021,전라북도,순창군,414.2,9481,2289,26855
2021,전라북도,고창군,436.2,19042,4365,53386
2021,전라북도,부안군,434.0,17509,4034,50795
2021,전라남도,목포시,137.3,39063,28446,218589
2021,전라남도,여수시,175.5,56362,32120,276762
2021,전라남도,순천시,124.1,46062,37111,281436
2021,전라남도,나주시,178.0,26740,15025,116726
2021,전라남도,광양시,102.2,20994,20541,150531
2021,전라남도,담양군,409.9,14662,3577,46180
2021,전라남도,곡성군,572.3,10233,1788,27535
2021,전라남도,구례군,475.8,8968,1885,25235
2021,전라남도,고흥군,644.9,26507,4110,62762
2021,전라남도,보성군,580.3,15714,2708,39375
2021,전라남도,화순군,296.4,17232,5814,62624
2021,전라남도,장흥군,425.4,13022,3061,36547
2021,전라남도,강진군,445.0,12131,2726,33753
2021,전라남도,해남군,377.9,22562,5971,67166
2021,전라남도,영암군,278.1,14648,5267,52937
2021,전라남도,무안군,133.5,17986,13472,91107
2021,전라남도,함평군,549.1,11867,2161,31274
2021,전라남도,영광군,278.5,15641,5617,51985
2021,전라남도,장성군,336.9,13536,4018,43365
2021,전라남도,완도군,357.2,16452,4606,48631
2021,전라남도,진도군,399.6,10405,2604,30066
2021,전라남도,신안군,613.8,14411,2348,38217
2021,경상북도,포항시,153.8,93477,60792,503852
2021,경상북도,남구,159.4,43164,27082,230801
2021,경상북도,북구,149.3,50313,33710,273051
2021,경상북도,경주시,235.9,59645,25287,251889
2021,경상북도,김천시,211.9,33668,15892,140239
2021,경상북도,안동시,244.2,40332,16513,156972
2021,경상북도,구미시,69.2,42574,61479,412581
2021,경상북도,영주시,291.2,28900,9925,101942
2021,경상북도,영천시,344.9,29930,8677,101888
2021,경상북도,상주시,371.8,31130,8373,95566
2021,경상북도,문경시,350.5,22337,6373,71154
2021,경상북도,경산시,152.0,47417,31200,268369
2021,경상북도,군위군,920.4,9719,1056,22945
2021,경상북도,의성군,773.3,21861,2827,50632
2021,경상북도,청송군,662.7,9530,1438,24539
2021,경상북도,영양군,562.4,6310,1122,16320
2021,경상북도,영덕군,569.2,13843,2432,35314
2021,경상북도,청도군,670.4,16444,2453,41891
2021,경상북도,고령군,458.7,10165,2216,30626
2021,경상북도,성주군,501.1,14413,2876,42842
2021,경상북도,칠곡군,132.8,19201,14457,113822
2021,경상북도,예천군,249.9,17236,6897,55739
2021,경상북도,봉화군,570.3,11777,2065,30762
2021,경상북도,울진군,318.0,14013,4407,47858
2021,경상북도,울릉군,397.0,2390,602,8867
2021,경상남도,창원시,124.5,160521,128960,1032741
2021,경상남도,의창구,115.3,31191,27047,218027
2021,경상남도,성산구,78.9,24250,30751,251562
2021,경상남도,마산합포구,194.2,40086,20641,181322
2021,경상남도,마산회원구,170.0,35451,20856,186881
2021,경상남도,진해구,99.6,29543,29665,194949
2021,경상남도,진주시,138.9,61615,44370,347097
2021,경상남도,통영시,171.4,26428,15421,125383
2021,경상남도,사천시,195.7,25437,12999,109953
2021,경상남도,김해시,85.8,65524,76375,537673
2021,경상남도,밀양시,346.9,31006,8939,103525
2021,경상남도,거제시,73.3,28842,39330,241216
2021,경상남도,양산시,101.5,51977,51233,354726
2021,경상남도,의령군,609.3,10114,1660,26322
2021,경상남도,함안군,255.9,16739,6540,62547
2021,경상남도,창녕군,409.4,19600,4788,60129
2021,경상남도,고성군,391.7,16543,4223,50478
2021,경상남도,남해군,579.2,16448,2840,42266
2021,경상남도,하동군,534.0,15781,2955,43449
2021,경상남도,산청군,619.1,13175,2128,34360
2021,경상남도,함양군,449.2,13494,3004,38310
2021,경상남도,거창군,285.2,17545,6152,61073
2021,경상남도,합천군,680.2,17590,2586,42935
2021,제주특별자치도,제주시,104.3,73797,70746,493096
2021,제주특별자치도,서귀포시,156.2,36848,23592,183663
